"iso_year","iso_week","growth_q_elec","growth_q_flights","growth_q_nedar","growth_q_ind","growth_q_no2","growth_q_omx","growth_q_ret","growth_q_ships","growth_q_unemp_in","growth_q_unemp_out","Pct_change_GDP"
2019,26,3.1854540160251,6.45623507503036,5.66595655302466,0.279385533956597,8.47808175624269,4.85491282646089,2.01948610725361,-4.04248139561191,14.1492795428429,4.53227769952596,1.6
2019,27,3.24190348305532,5.43167677750135,3.57734026748587,NA,5.58285231332077,4.41022054653617,NA,-4.44906687257433,14.2625720337587,-2.27777163783444,NA
2019,28,2.34878417204769,4.4361730081282,3.35488070728252,NA,6.3101158886876,3.98722160981918,NA,-5.80886323246203,16.3744075118942,-10.4755547109297,NA
2019,29,1.5917589109007,3.02882441299415,9.90780614329539,NA,1.75524019887371,3.5681538166423,NA,-4.98413479697305,17.3541503774555,-14.146449166092,NA
2019,30,2.02499441393927,2.13430271187403,10.3036716360043,NA,2.52762479951174,3.34110241598079,NA,-4.43495378713887,15.0723097902811,-17.2033110023851,NA
2019,31,2.10287219731022,1.26282467769603,14.7452538151703,-1.24076036420261,2.63348487282871,3.06045907327338,-1.85979788962806,-4.11701569295446,11.479963730532,-20.3294338394205,NA
2019,32,1.37208249556617,0.31561998656113,23.6487358715339,NA,2.86166208387253,2.62375286882384,NA,-4.09597002454959,10.0260788939056,-22.9492614890285,NA
2019,33,0.304708782683856,-0.515467304909982,26.8333699567861,NA,5.70417473457737,2.22361213921261,NA,-2.66950055676951,7.73369744193698,-25.680128010039,NA
2019,34,-0.571558983522122,-1.06624787460531,27.7301124713698,NA,7.71335249739214,1.91059035476204,NA,-1.46821250271606,5.63688651436658,-26.5312739392776,NA
2019,35,-0.856788460466614,-1.79984944368438,27.4087611454396,-1.80185055026784,5.95299647960377,1.65313085291563,-1.39321138968687,-2.2218156542711,5.08746076985911,-25.6166869778601,NA
2019,36,-1.87319449781588,-2.76769574910864,25.2845192608852,NA,4.14445348944487,1.55784082535763,NA,-3.80226451618043,2.68809896849689,-25.2678845016468,NA
2019,37,-2.98316767682947,-2.97393153909999,23.5554614352396,NA,0.354534512063262,1.52067369887869,NA,-2.6381519049987,2.15762897326845,-23.0487758551068,NA
2019,38,-3.42756222143574,-2.97310589818036,19.2889305039507,NA,-3.70522942690583,1.63444452987268,NA,-2.96579071599435,2.97363880745683,-19.1855910736196,NA
2019,39,-3.31796723446882,-3.12301923896563,17.8343318061351,NA,-3.15868115496948,1.74358801195955,NA,-3.37220206244172,1.28302325544494,-16.2307698772915,0.1
2019,40,-3.07219387875216,-2.97287674237417,16.98722020155,-1.16257072073944,-0.0498979798068098,1.88545963985606,-0.733169404206386,-3.28434233431877,1.47658726212337,-14.5260770835674,NA
2019,41,-2.35418531426463,-2.79064718304915,18.229341774732,NA,-1.13216206119568,1.83025859191531,NA,-2.78610325243355,1.23569106259946,-9.85748348289272,NA
2019,42,-2.06701244687844,-2.46949865136612,19.8488697065455,NA,-0.683857798381334,1.89929578445492,NA,-2.35100768838814,0.767057595199576,-7.43009580813694,NA
2019,43,-2.28125656966013,-2.26420685195776,24.3572874058489,NA,3.37705407733258,1.88685557858293,NA,-1.24770311141387,1.54368518088719,-5.35115626265491,NA
2019,44,-1.97848601204428,-2.31063904655567,19.1825675393798,-0.201572331907876,5.64917676823596,1.84813024643577,1.24370044603509,-1.07006025727548,3.8434796692899,-2.3021574039328,NA
2019,45,-1.56309585621761,-1.83769007629146,8.89158907792575,NA,4.46732780416808,1.9457882662435,NA,0.0449381251339668,6.53693604792325,-1.10879579228488,NA
2019,46,-1.23486431638713,-1.19384121353286,6.45974299668162,NA,-0.543685926539322,2.06349606493396,NA,-1.94142979569986,8.9450429324522,1.85445596719569,NA
2019,47,-0.837821464573429,-1.25742231613105,5.30689873898072,NA,-5.92061677049662,2.1997304408085,NA,-1.00324324861203,10.796005130331,3.89806963553782,NA
2019,48,-0.84880583947978,-1.46919709890555,5.93342655037397,1.08500160240656,-8.74314000257302,2.32202427139621,1.70019551411573,-1.08150498460286,12.2644208917289,5.57957280376752,NA
2019,49,-0.505831410458793,-0.987116178090626,6.93678088858669,NA,-7.93044443306615,2.39645402073089,NA,0.05414945922491,13.6721033737068,7.24990276460482,NA
2019,50,0.109545740976391,-1.03288655217632,9.3109608175838,NA,-5.82191700722128,2.45538656052368,NA,1.48986443944932,15.4827458745363,8.1271817387342,NA
2019,51,0.0149157959757111,-0.702222166287286,17.5669732284826,NA,-3.09975979200187,2.39186177095996,NA,1.63256489863033,15.8838991155,8.75026362743475,NA
2019,52,-0.316474163956846,0.00464772145782862,24.1706594440094,NA,-7.09598292851702,2.39939295944171,NA,1.95102648821588,16.3280316773625,8.92311220500313,1.5
2020,1,-1.15453849479193,0.758272270320001,34.0449821929516,0.281860464437668,-10.8651226140917,2.45486376637592,1.80392533232935,0.673469777329461,17.0321938894064,10.7087225756037,NA
2020,2,-1.91255409690114,1.27713017567355,33.8984490340713,NA,-10.2519450312652,2.74164974219679,NA,1.03435090401627,20.785666236299,11.2546872208359,NA
2020,3,-2.152137759771,1.93050454142827,28.5709119032892,NA,-10.0831539125645,2.95877900226129,NA,2.04711712040786,22.7130868938873,10.9397036283542,NA
2020,4,-2.20435349742476,2.55723011025514,19.6276434453604,NA,-17.8912466139021,3.26338063730028,NA,0.403697745282799,24.037958851462,11.2956801356925,NA
2020,5,-2.74931846922397,3.08703712049224,24.9512305423213,-0.161550923665468,-21.4627663586787,3.52081743088413,2.4419374386202,0.886034019002908,23.4438319692156,11.2193930715315,NA
2020,6,-3.09490060913862,2.8200352035266,28.2447858223686,NA,-22.1491911718336,3.68598815808574,NA,0.296203345024414,20.5599218875503,11.2236437502015,NA
2020,7,-3.22205108181073,2.46473845951898,29.4358039078269,NA,-19.5509551265084,3.79929492377509,NA,1.06014671399406,19.2937402015428,10.9749166771143,NA
2020,8,-3.49516449005128,2.4808756215183,29.712412802616,NA,-16.8338408504251,3.89983954530699,NA,-2.022857449736,18.8750422761242,9.50245570676129,NA
2020,9,-3.6519014174878,2.56205462942027,29.5444471106462,-1.93710657559996,-13.3594192148754,3.74208528711923,2.49729209313801,-0.517145448401885,17.1774782001563,6.91847125256403,NA
2020,10,-3.72535165182565,1.92629017670091,31.457048396082,NA,-14.5977983749738,3.50606980206512,NA,1.63229651271474,16.8835387997541,4.83604124296324,NA
2020,11,-3.74833793165908,1.45347612158292,27.41964911668,NA,-15.7675732059129,2.67818872533487,NA,-0.334828119821515,15.3752141899838,1.44717425359404,NA
2020,12,-3.53739774228765,-1.00408645474081,16.210873078836,NA,-19.6546807878248,1.22494913887212,NA,1.73544154738601,13.9324235757962,-3.37842509815275,NA
2020,13,-3.65925829941943,-5.3297048748477,4.19504227204167,NA,-11.3591172281973,-0.243246826687741,NA,2.25364078703178,15.6653359633968,-7.01453523478543,-0.4
2020,14,-3.19318490725913,-10.5445556330802,-9.61075708974418,-1.58058001711878,-10.3090254398242,-1.77135401158807,-1.26317469059006,5.85356767270158,16.9378651801848,-12.087018057679,NA
2020,15,-2.80458402433611,-16.235937455003,-12.8365178422761,NA,-8.82304806062806,-3.1227530647562,NA,5.57171671659394,11.2826695755129,-18.5320212569118,NA
2020,16,-2.57579708316198,-22.4547878424942,-5.78092642776178,NA,-9.94707595783012,-4.16539977599702,NA,3.39610270774017,8.62995283765467,-22.7324676439849,NA
2020,17,-2.48503552479459,-29.2122967308387,5.59780714006113,NA,-1.40719907562264,-5.26421302879002,NA,4.55649015760678,6.11009973193523,-26.7308392517528,NA
2020,18,-2.3411012237493,-35.4323839931773,7.56309810207165,-3.83157064655705,-0.531409184309809,-6.07392683832366,-7.87870570816376,2.9786963003113,4.73049208524222,-32.4992067033741,NA
2020,19,-2.11017048424595,-41.0129895951825,8.20518823171096,NA,0.336661976061911,-6.93306013639202,NA,2.18034383246525,4.30303489810015,-36.1579188945952,NA
2020,20,-1.81906632469804,-46.740689884312,8.87026242864349,NA,-1.44438157225336,-7.82803469034738,NA,2.90026680778007,3.59648395935028,-40.8132754949876,NA
2020,21,-1.49866648327527,-52.6905987171325,10.2264041499232,NA,-0.321418140732074,-8.64519636742854,NA,6.01707748433874,2.06574655865379,-42.9410319457743,NA
2020,22,-1.58390941861297,-58.3111144898609,11.7637055393234,-5.05643532494268,-1.26903286323984,-8.64162455688866,-10.6773238708257,5.18352715097371,1.51063611078293,-42.5708673607711,NA
2020,23,-1.57449235691129,-64.0084664088997,6.50701362303616,NA,-1.62318199298054,-8.39098578797403,NA,1.66558912478519,0.157811749918083,-42.20718835827,NA
2020,24,-1.468013773684,-69.2893532933819,12.3477996298862,NA,0.96835346786874,-6.84995986082386,NA,3.23517829579746,-1.28196777441358,-37.6213835447333,NA
2020,25,-1.00476341566134,-69.7029913504392,22.5338181498063,NA,8.03724558283936,-4.01181246455119,NA,-0.245800789172069,0.147042079777523,-28.9024636040893,NA
2020,26,-0.227075177614609,-65.2630898025335,28.8844201952589,NA,-1.71082159118471,-1.29383942554768,NA,-0.604211760065173,-1.91903955961331,-19.9507350558463,-5.3
2020,27,0.320611431498892,-58.3322573423355,28.3989254598809,-5.32732373577798,2.08388589813503,1.45855134829085,-4.00839515839989,-2.98623384719108,-6.16910922531626,-11.4220778252033,NA
2020,28,0.91215703816057,-49.9827745532452,30.5522488115137,NA,0.74164073949972,3.70819869509583,NA,-4.09812489540043,-6.7281849551636,-0.641806730354126,NA
2020,29,1.20621414613175,-40.8009189394957,21.7938408985333,NA,7.57987015292956,5.25526796744163,NA,-2.93448332033822,-7.69650319035069,7.37040672319763,NA
2020,30,1.65020118505089,-31.6367813104271,7.98489034918814,NA,5.40679595460436,6.72609692720296,NA,-2.93638896307283,-6.84871777140735,13.7981352443485,NA
2020,31,2.20926724119413,-23.0347524546907,-0.257592912132995,1.33502191381691,7.82186709011383,8.06054032405177,8.40502271259122,-1.16422474683431,-5.95108973672571,22.2052621238046,NA
2020,32,2.71339220256719,-14.4172787761787,-3.78678687653355,NA,11.1026309590936,9.44020276278445,NA,-0.776968380778476,-5.51468415349046,28.2786108314249,NA
2020,33,2.74495188378447,-6.01266444095308,-4.34472881465785,NA,16.2742329905018,10.7912506000997,NA,-0.815301093438916,-5.01998833860096,34.3349151261914,NA
2020,34,2.75702142521362,2.34690919651419,-7.90849778860045,NA,18.1202346538678,11.8675021832531,NA,-1.98095108430847,-3.3557337624176,38.855620204618,NA
2020,35,3.26220352673082,9.94308333738099,-12.4979676060351,NA,19.3438543830723,12.3850761706558,NA,-1.59827586114396,-1.22209294683158,41.1907445153333,NA
2020,36,3.74178717725074,18.3445907324162,-11.2545495470594,6.79350182583434,20.8106030330733,12.7416777782953,13.1866806305914,-0.193369103594409,0.947519332119513,42.9381994185646,NA
2020,37,3.86931917438432,25.9164641697478,-22.2955872248226,NA,18.6498591392561,12.3601986976741,NA,-1.51693634331491,4.53849068516442,40.8017205185383,NA
2020,38,3.63616927549612,30.4467980791492,-40.4038839361544,NA,14.2254372251618,11.3782016913511,NA,0.560410300131382,1.68664118400396,36.3858769448293,NA
2020,39,3.25524311473874,31.5143166620878,-46.3743988809914,NA,18.498195993383,10.3720518405811,NA,1.02095496143291,0.664615315151211,31.5236169119171,5.9
2020,40,2.81242249834198,30.3244178518548,-45.6625399796996,9.01659537381453,14.8212556650034,9.28132417734318,10.6762899940553,0.180198083683359,-0.719522303320898,28.3644373248037,NA
2020,41,2.46278062465666,28.2775841442849,-48.6227624137135,NA,15.4211120632793,8.38891177573602,NA,1.50968845808064,-0.47624869211308,23.5680929958312,NA
2020,42,2.70103583536309,25.7874664450611,-48.8699553544092,NA,9.33145212878751,7.87022767520503,NA,1.52769125451308,-0.984200715463742,20.5865485320707,NA
2020,43,2.68658600883681,23.4863138371563,-43.0889079667754,NA,7.70149767406252,7.38176021203753,NA,1.66142555897195,-2.1350890681251,18.0512451057326,NA
2020,44,2.48227466540961,22.003702941396,-40.4105440778246,5.63983516164521,6.34460340917105,6.35655989809918,4.93792027149381,1.31681840196479,-3.82028005294513,18.0068223806344,NA
2020,45,2.16667681527791,20.2788865215022,-37.1479093851124,NA,0.960413465854218,5.25617570166352,NA,1.48548856481221,-4.94536735126977,14.9222579578427,NA
2020,46,2.00415859272927,18.6598136083343,-43.7736927898345,NA,-2.70997947837877,4.27428391038168,NA,1.61602461164401,-6.47575932840497,11.9008823086821,NA
2020,47,1.8546414632515,17.4446198181553,-44.0300248589947,NA,-6.85690496916106,3.69050277147318,NA,0.00281898632130811,-9.94493696107632,9.10083069111856,NA
2020,48,1.51707814284301,16.8968997403074,-44.9940445015299,NA,-8.73728708974034,3.05352919360868,NA,1.42342326412916,-14.7165673465705,6.92238485436112,NA
2020,49,0.954972215249843,15.6209006067661,-46.2725342488926,2.06111140963422,-10.4750694033093,2.39315920851718,2.26995875161068,1.63435390811003,-21.1213331302115,5.1090999961168,NA
2020,50,0.67923267979102,15.0924268616713,-42.4839223366647,NA,-10.2397417444479,1.89685051787296,NA,2.26618186119917,-27.3728927971836,3.76704326558565,NA
2020,51,0.297412922842393,14.2711353830076,-33.5403659048761,NA,-10.7587455877042,1.37261814821144,NA,1.54987255874378,-28.051965810031,3.35163808636812,NA
2020,52,0.20361360244151,14.2369647327434,-30.9140550035259,NA,-14.114680766009,1.01471217564758,NA,-0.196916202216172,-29.0256359198037,1.71178352665724,NA
2020,53,0.172771159335147,14.4540684379569,-27.7757227428001,3.21546198542914,-13.3122446891376,0.867449354026958,-0.288704639360895,1.72292595620156,-30.0904309949707,0.837940114304214,0.4
2021,1,-0.0645159317592235,14.478529816334,-26.0188043554339,NA,-14.9701020022313,1.0567609963679,NA,1.2140319987374,-30.0869235841802,0.220631577233903,NA
2021,2,-0.470795978546743,14.5467726156476,-20.8315101810796,NA,-12.2979800456969,1.52078288964636,NA,0.967218445956839,-31.2109994565406,-0.847941341232748,NA
2021,3,-0.719410399523618,15.1909623566764,-20.6927743962478,NA,-9.84381700839577,1.98660980259149,NA,-0.409745421372726,-33.1818207626633,-1.13897268166226,NA
2021,4,-1.00974802274012,14.4071121541134,-20.9219270720759,6.55661950149941,-9.5653570315733,3.14743026204237,-3.74521138789473,-0.492185530982232,-34.5614917409584,-8.87779505693024,NA
2021,5,-0.902276550795394,13.0729821716726,-22.544939255176,NA,-1.65616976975434,4.47312708278696,NA,-0.180541981757803,-37.0790229833939,-7.20581216713512,NA
2021,6,-0.0783762625465383,11.8112065779428,-18.3566442198302,NA,-2.98302800256371,5.64270672939998,NA,-0.690885797529552,-38.2323022680492,-4.83804090872271,NA
2021,7,0.802999054769077,10.2414940936793,-16.9535258068904,NA,4.61514027326417,6.41498101315275,NA,4.35620254220824,-37.0113836411863,-2.98440288482497,NA
2021,8,0.931765049134939,9.41293628936008,-14.7440015605329,9.49891467886728,11.1580641907502,7.20331771605276,-4.33188747188422,1.47510814756814,-34.9856907391224,0.362809258333791,NA
2021,9,1.21499046555868,8.94614582011305,-14.3189939847363,NA,12.3807709588355,7.95224982694919,NA,2.49095523314061,-30.9826279957347,3.18196114267096,NA
2021,10,1.27950646080014,7.96618794642219,-12.6239516471919,NA,13.8989766189922,8.45035560116542,NA,3.15567816486911,-28.3208556962087,8.33770140062876,NA
2021,11,1.70140173033438,7.24255747878021,-11.156831048669,NA,15.4444102178015,8.93106365088084,NA,2.52201993037366,-28.9632367757984,12.8610877613793,NA
2021,12,1.87096998786959,6.37681800954979,-13.3293958527881,NA,21.2948505552663,9.31407570136873,NA,4.46561781091291,-30.1079878837578,19.2521988874085,NA
2021,13,2.23014013326175,6.64124598252952,-16.0538155685326,7.45435833775991,21.4111888080608,9.44177346099925,0.180538052286786,3.21131416373613,-27.7190114773129,22.5620300796414,2.2
2021,14,2.59756674255745,6.84715484938149,-23.2647479363273,NA,23.0080938616529,9.07810912676617,NA,3.33628136335442,-29.4541683761966,27.3878731828602,NA
2021,15,2.20583062341086,7.04202636577185,-26.4231479244451,NA,20.3522775763947,8.31794471916245,NA,3.67519160580817,-27.5547600525286,32.0969529767408,NA
2021,16,1.80579338611403,6.86252442039573,-27.7199911492715,NA,18.3673958643225,7.67507883306235,NA,5.78250819104796,-25.1386763879764,34.8765478756488,NA
2021,17,2.33201267220175,7.71205334329984,-28.3245124853742,3.67344147599854,17.5232681012191,6.82977529972515,7.2863351006625,5.22422030703198,-23.7596506594373,42.2523971599536,NA
2021,18,2.09986012172043,8.77622951199491,-27.4915215906732,NA,6.34500974762756,6.07290887934939,NA,5.76578665706629,-19.707287709186,43.7087598154603,NA
2021,19,0.405469502773721,10.4804097941778,-30.8931760831314,NA,6.02916922608482,5.53243796505088,NA,5.73642767136542,-17.4953979169726,43.972077529931,NA
2021,20,-1.18889199325086,11.8721494924466,-33.0877565780007,NA,-5.70754750116709,5.17617297934749,NA,1.35636897484474,-16.6786349083837,45.1829007497479,NA
2021,21,-0.804344270021477,12.1704373883447,-32.752732001982,NA,-17.8760308036164,5.04664563077441,NA,1.82128176799994,-15.0635236722212,43.8314706906944,NA
2021,22,-0.674790292367639,11.8696978436646,-30.1376915433938,2.67527394473874,-15.3474986104032,5.05194797141885,10.8814365673623,-0.175475014150765,-13.7921227797742,42.9852120267362,NA
2021,23,-0.503658213946987,12.0851989343136,-30.2793702036951,NA,-15.3918043910791,5.16924679055618,NA,-1.11367803440771,-11.1184813726605,38.9461752915226,NA
2021,24,-0.513092702164826,12.4138795274119,-28.4992875377053,NA,-15.8310940830342,5.21301343534173,NA,-0.191862280105481,-7.74721465262951,33.8385087967199,NA
2021,25,-0.222362926947424,11.5291445188353,-22.8323877773081,NA,-20.9897463349049,5.2574373092027,NA,-1.13106376225961,-3.18280088611043,28.1623397060442,NA
2021,26,-0.474853269990675,9.3550113304392,-20.9608795393102,3.16934066232487,-19.8275056523734,5.51565697211744,10.3735819930825,-1.27046027196764,-2.30306626463327,24.9208054327268,1.2
2021,27,0.0345670755310954,7.68884265102846,-5.75542531333072,NA,-18.7613783874859,6.00252422838016,NA,-0.933889477772932,2.48883750544115,18.94879442285,NA
2021,28,1.11432801077148,5.97516557992418,-4.14009951594983,NA,-14.2550479085224,6.68728585153574,NA,-1.69714751110178,4.80439761942767,12.9659613903285,NA
2021,29,1.78591917150546,4.87491936819462,-1.18431903132499,NA,-14.3457315452496,7.19292071455118,NA,-3.09552327836961,6.74537365917239,9.12884352399285,NA
2021,30,1.3997317181565,3.591276474806,1.09387312905538,3.98597212170095,-12.6036052850771,7.6957902602307,6.72690303429493,-2.23812930528127,8.69823985169398,5.89581907959339,NA
2021,31,1.00285475795353,2.71311050529532,1.35765824417281,NA,-6.1096221123258,7.94799232906497,NA,-2.70194716172495,9.26639349648517,2.26325840094153,NA
2021,32,1.94290572866482,1.48424440033122,10.5373177507364,NA,-3.01655395932826,8.01361174063167,NA,-2.30381836848321,10.3075276756844,1.16810581649695,NA
2021,33,2.64163441142318,0.504350801262342,14.3803071963812,NA,3.370862158491,8.18041941894293,NA,-1.60816995437316,10.5477011811942,-2.14845715175498,NA
2021,34,2.1322316364032,-0.499831571262649,15.0063694704201,NA,10.2366985070529,8.14162466111512,NA,-0.96092569343736,9.51989828138158,-4.04164096757121,NA
2021,35,1.9322975171097,-0.548966604492351,14.6353410496244,1.92644416500211,5.59941539634177,8.06842602016394,3.70109378566168,0.407217609823101,9.74274531542101,-5.82685882435733,NA
2021,36,1.89673353389124,-0.76712033054617,16.2581036005767,NA,8.64716689112427,8.01883914431305,NA,0.531164150191141,7.93789238526467,-6.01089348646775,NA
2021,37,1.91744481042675,-1.64505951495886,15.7911741638519,NA,8.13245122017361,8.11078930119353,NA,0.10549069927282,8.80144120750578,-5.60053379793624,NA
2021,38,1.70836331610978,-1.04159679100352,12.0940116576415,NA,10.4404057827845,7.9357258641984,NA,-0.504090818529207,8.79040280781514,-6.12782543608412,NA
2021,39,1.93139791130519,-0.131119761099518,14.3188108754644,2.43831924162163,8.75811760266573,7.4124054401127,0.421873090404848,0.920920881424285,9.44583168862816,-7.24467592588885,1.9
2021,40,0.971507937960743,0.435014725003634,7.58572933892218,NA,10.3444670059059,6.6500989848582,NA,1.31787684208623,8.07391178035229,-7.11524977117192,NA
2021,41,-0.066195704109939,1.4274292711411,6.78875475197059,NA,6.57720249076784,5.59025590453341,NA,1.39953533660648,6.77935353506479,-6.50285470779624,NA
2021,42,-0.306744185564193,1.77308638597516,4.6097133580293,NA,7.38121015340711,4.82329345935624,NA,0.442487991069963,5.81914076330275,-5.61714700141967,NA
2021,43,-0.381225790818024,2.05748813036359,3.49510983524497,4.61492676465882,6.15456003930146,4.06073056783363,-0.873367996875455,0.463214363571018,6.14913502079289,-7.38935558255121,NA
2021,44,0.20845364895285,2.57658871188387,3.62245184504002,NA,5.00187126475148,3.50170310529702,NA,-1.85769969706818,5.7332109064931,-5.53578611209068,NA
2021,45,0.426059831136648,2.936201756508,-1.75272681384688,NA,4.35303156349277,2.93989206347029,NA,-2.35345002459896,5.01505970152492,-7.42402968512833,NA
2021,46,0.696039631224137,3.87525625228682,-1.8272277447664,NA,4.86440662793357,2.1223992595174,NA,-2.52731904739943,5.60003183000077,-5.95832344791354,NA
2021,47,0.810849705005508,4.84463919933328,-0.639940071339556,NA,6.1836772682002,1.27880350241242,NA,-1.92181305999073,7.08831549351497,-5.25741417782865,NA
2021,48,0.91683274171565,5.31553167487417,-1.69487900625659,7.95446148344645,9.88699513133551,0.273584950091788,-1.29451645920371,-3.32937444075887,7.26850544799637,-4.81886006078766,NA
2021,49,1.33921559229806,5.0466263115148,-3.10687391984602,NA,3.59667901433264,-0.714366279034178,NA,-2.57448571587615,8.52870271375063,-4.06989373838797,NA
2021,50,1.14795614072074,5.78369222606109,-3.71460067904974,NA,4.29765750888684,-1.75636967827828,NA,-1.41842579428173,7.17771205250656,-4.07441132155621,NA
2021,51,1.38025126570789,5.84339330154626,-1.25325559825818,NA,6.7540762375374,-2.19208357819639,NA,-0.452234131454622,6.4472274955828,-3.15789006555494,NA
2021,52,1.68995558550024,5.45079934805678,-4.60433698821255,8.92392936959557,9.05295308528774,-2.12278997133595,-0.780238028418501,-0.882848773603475,7.75984639690736,-2.63013126725694,1.3
2022,1,1.74482462481875,5.610228005078,-5.97883757775332,NA,4.28095282908293,-1.68733958417383,NA,-2.31973403623844,11.6250590807902,-1.54329342985288,NA
2022,2,2.03938544558146,5.30065545040276,-4.67264119523305,NA,4.84261124560294,-0.824551737332242,NA,-1.82633212753466,12.0174397403049,-0.929087500835308,NA
2022,3,1.85787344651065,4.92656994498147,-2.91584316266428,NA,3.12541883169306,-0.443978260666715,NA,-1.51976991394843,12.2190307031581,-1.65879445077457,NA
2022,4,2.03720658970678,5.02830076708907,-0.855471389282257,NA,2.84745814131815,-0.426141991325518,NA,-4.48110654258031,11.7203001167165,-0.796314463235061,NA
2022,5,1.99714767630071,4.09711623474857,-0.543018687549887,7.46872054966855,3.72669739336951,-0.506353258628093,-1.27515214820316,-0.856797539513487,11.4260997788098,-3.20442763750705,NA
2022,6,1.4522534142948,4.185146486872,-0.0618151604736534,NA,1.36898128511832,-0.516964176022389,NA,-1.14510831575187,12.1297894530928,-3.20149564309248,NA
2022,7,1.18465456788369,3.47602180051784,-1.0041896513045,NA,-2.43337234313145,-0.460358865556974,NA,-1.8780777295539,12.3370798531675,-4.93158931101576,NA
2022,8,1.47606130085502,2.82167214513805,-3.43798334945923,NA,-6.71236599461898,-0.57356668597602,NA,-2.46908023835099,11.6986995290781,-6.29475061307898,NA
2022,9,1.68303146901537,2.41916353743082,-1.89364648153912,5.56889058605886,-3.58933332567764,-0.902111189486058,-1.17956806727653,-2.52053578398375,11.9284251782249,-8.15912604249207,NA
2022,10,1.04739487450512,2.72379984833955,-2.02388413493847,NA,-1.45532192552578,-1.58569821695799,NA,-5.55747729438308,12.0688512926053,-11.6187737098359,NA
2022,11,1.34107303187161,2.68534562233914,-3.54987387195396,NA,3.35747463447317,-2.06780526233821,NA,-7.41202814912669,15.8105185841422,-12.9223067514153,NA
2022,12,0.420422390194455,2.71312131615765,-4.53011176592951,NA,1.74060080700027,-2.66948481718177,NA,-7.3516757977409,18.7525607042427,-13.7079231946144,NA
2022,13,-0.372951877404205,3.93554038828704,-1.36001451433697,3.48802647462204,-2.28912229278121,-3.46795369637671,-0.687738096351078,-9.45548663880826,19.7530513162073,-14.17513002295,0.9
2022,14,0.552980276975732,3.90564759792102,-1.05282305489155,NA,-1.61404565033882,-4.28662260820414,NA,-9.38312346636781,14.0575273624957,-14.9515480307946,NA
2022,15,0.882407918628396,3.9582017950921,-2.84048381851105,NA,0.59872282207932,-5.44784139958261,NA,-10.198053058263,14.4658391741011,-16.293655665618,NA
2022,16,1.22383188378586,4.43921497133589,-4.63736545344758,NA,3.39927303708362,-6.21872603033594,NA,-8.93331686311267,15.013511306694,-16.1810925471183,NA
2022,17,1.26148338306742,4.60581066810798,-7.73374557487251,1.34591533740047,5.88319251004906,-6.3964846666919,0.655955123411055,-4.85327930311401,15.4262797298371,-15.2222474847615,NA
2022,18,1.03067417993258,5.66407598776711,-10.2674666108486,NA,7.88787487891694,-6.67496536366127,NA,-7.63131544811642,16.2241729876464,-14.9824982772256,NA
2022,19,1.25765550429784,5.31635563539096,-8.68260767484943,NA,10.3879223966909,-6.98748084998779,NA,-7.11334709798218,16.1528108893896,-14.597774397474,NA
2022,20,1.16821325166545,5.39080080453187,-5.57844864292318,NA,15.9309831328747,-7.02737162917098,NA,-5.29313356767338,16.552113415394,-14.5425557682465,NA
2022,21,0.416887242120757,5.58567325163393,-3.74150714290633,NA,19.630323719008,-6.51745787755129,NA,-4.92978760022931,17.0688267809339,-13.6792025900188,NA
2022,22,-0.495887472620196,5.08432234574803,-5.89169803252554,-3.4209480854404,12.3819092176148,-5.37301710077888,0.787922658053027,-4.03207761338306,15.7419692526941,-12.827247999226,NA
2022,23,-1.28170109683729,4.96582700791183,-3.65051788983141,NA,12.1643336332651,-3.59494331063759,NA,-1.62375293635157,15.0241150456755,-9.59723832710249,NA
2022,24,-2.40096849829532,4.49284898828858,-0.000801793925783295,NA,1.54836048681682,-2.36415275215024,NA,-0.930165912927463,8.62427549728669,-8.65518446388469,NA
2022,25,-2.49415791284207,3.92725575681164,-2.86898616962072,NA,-0.971096886838061,-1.56058870096773,NA,-1.67031859869449,1.83658608348458,-9.37124259663134,NA
2022,26,-2.38449543150603,2.69261444901875,-4.12060403900805,-10.3589036009444,2.6459543938627,-0.974086774563031,-0.395127283916784,-0.34867882911601,-2.70427536281877,-10.0878263027978,-1.5
2022,27,-3.54747822280919,2.74719683498217,-2.30106566011359,NA,5.24318182096096,-0.710072588146512,NA,-0.691091689471199,-2.63327378676772,-10.6291097749901,NA
2022,28,-4.35281975007246,2.75126350427304,-1.2388008006412,NA,-1.61004358357334,-0.354086889343599,NA,0.322517066338912,-4.58394351014149,-9.15684492298017,NA
2022,29,-4.65474425523431,2.2096236431131,-1.12236800403902,NA,-2.32342869929965,-0.0485308221367462,NA,0.572578731807904,-6.98536920056635,-9.51525460194183,NA
2022,30,-5.03752948413218,1.49084560665006,2.12783306276232,-11.3780361866726,-7.10922430214386,0.0826749587519178,-1.64802675208583,-1.84116136930813,-8.68409458454356,-11.5632793585584,NA
2022,31,-4.92238628240804,0.844306705569894,6.87478791243143,NA,-11.4390608557237,0.384390065723883,NA,-0.436003407227398,-11.7797956352484,-10.2746301183165,NA
2022,32,-4.47177065648803,0.372381006579909,5.09870635082379,NA,-11.1675940259509,0.975705650184001,NA,-1.1439010316804,-13.4814278436098,-10.6942591378845,NA
2022,33,-3.73973037949513,-0.169170412138932,-0.135183484715724,NA,-14.5659634000165,1.33144437744245,NA,-2.0146209857922,-15.512545291855,-9.50791211769777,NA
2022,34,-2.57825461897441,-0.408850919107561,0.785735474361995,NA,-15.113727820871,1.30911127612826,NA,-2.88058158415624,-17.3040953668031,-9.34806661534168,NA
2022,35,-1.946092916716,-0.131323741747888,3.00529228173961,-4.37520606153078,-13.5828356918967,0.868450230602523,-1.74835395196997,-2.15383028638992,-17.2653426449225,-8.29266608665891,NA
2022,36,-1.05631715881104,-0.734516821766112,2.63468087250362,NA,-15.1408123827153,0.0472961368398468,NA,-0.368195553210578,-17.9800681641455,-9.03970210955157,NA
2022,37,-0.315144310651062,-0.982639140320336,-0.375381361284671,NA,-10.5230136934981,-0.317508383143187,NA,0.619378215416948,-15.3024535156312,-8.44616647627692,NA
2022,38,0.0303069598823276,-1.11943842958143,9.00978021604735,NA,-8.13106315901095,-0.408048560624356,NA,0.642213219209519,-11.0869614468502,-6.1321031074437,NA
2022,39,-0.811538326782824,-1.37999861623974,9.40151579428001,3.73153618219701,-9.41499832679145,-0.339659580359713,-0.695251931488186,0.342258043834298,-7.84527369210623,-3.80067842918577,1.1
2022,40,-1.08223082735202,-1.69649467081982,9.06667062000273,NA,-11.1985580061594,-0.101492032685556,NA,2.25281516142573,-4.8856929492273,-2.27284750387728,NA
2022,41,-1.04465013934706,-2.1422078895956,10.6354099300179,NA,-4.96082463902347,0.269635465522995,NA,1.42909579107769,-3.28391051568008,-2.36962105176509,NA
2022,42,-1.82802616373486,-2.1068225939791,12.9698191713822,NA,-7.2252342316768,0.556881521816571,NA,0.0317000494111925,-1.57097943955439,-1.6277712387958,NA
2022,43,-2.44221084674614,-1.77145622106313,13.20289736166,NA,-3.90159351871161,0.709773208284121,NA,0.990819364797859,-0.00519578800918165,0.201796147622725,NA
2022,44,-3.39051550454896,-2.09751194933835,9.97380506790238,4.07687307848568,-1.08358459926684,0.734517643677903,0.0664451851688602,0.574839290608582,3.21911578816359,0.483215946174421,NA
2022,45,-4.92242548323869,-2.23780414586603,12.976926128078,NA,-4.16542179640533,0.323467716820934,NA,0.87128525388479,5.10991990466801,2.21116608573495,NA
2022,46,-6.22001591609539,-2.028426228266,16.9279089301185,NA,-2.99246895621016,-0.00498151201012626,NA,1.57371416246558,7.01331738292468,2.29109258172148,NA
2022,47,-7.60781166363672,-2.27033760319983,14.7346932629958,NA,-4.90089890060332,-0.103549636145254,NA,1.76711823608944,9.58602693439657,3.03142103753191,NA
2022,48,-7.75769017886225,-2.50713782400618,15.3718407412741,-1.49111352699091,-5.9044136052822,0.0927090024687607,0.0665336019221158,1.05959718056126,10.4500118424802,3.09560854210375,NA
2022,49,-7.70621423642129,-2.03204805352742,16.2165243462818,NA,-2.65051326971555,0.519535942028835,NA,-1.84183336387428,11.7045759733313,3.52033614859321,NA
2022,50,-7.04006474877025,-1.83963803393618,19.5674798647938,NA,1.76952666380102,0.869320147944822,NA,-3.75119454676688,12.1882590564378,3.53527547238555,NA
2022,51,-6.59108152946092,-2.11580160547828,13.8049391018638,NA,2.62164797487447,1.15566951856133,NA,-2.71324273312038,11.759967276471,8.07157521782792,NA
2022,52,-5.76238795153386,-1.51026369148284,13.6382401994602,-3.53507246478054,2.39830825836032,1.51637952946439,-1.16960397631912,-1.82065271827253,11.2106335988847,10.5754538678982,-0.4
2023,1,-5.15304666434571,-1.69941046016244,12.9207923005543,NA,1.84283746132559,1.94169344492206,NA,-2.86882486369151,10.7001802342114,10.1282134925922,NA
2023,2,-5.22599394761996,-1.44174505041641,11.645680842546,NA,-1.72510620938511,2.38780888149012,NA,-2.13450476193136,10.9162698940229,10.7150367664549,NA
2023,3,-4.75089428364557,-1.23271424825514,10.2361994126281,NA,-0.0548061298434736,2.87420048748514,NA,-0.568075424910107,10.9566754129874,11.2781488718359,NA
2023,4,-3.59863768746635,-1.41149958683375,8.85790316766134,NA,-1.12728856718268,3.45483892838597,NA,-1.33810825626819,10.2967809489118,11.8958590581047,NA
2023,5,-2.64985869036565,-0.846169034939245,8.42828968165411,-3.08315837604046,-4.50178284952762,4.11208765222495,-0.967803315705031,-1.72787486934859,9.09037862066607,11.9325111704722,NA
2023,6,-1.49993798884654,0.337300043296087,1.72379223075902,NA,-2.28566029911376,4.991130926399,NA,-1.05929998734078,7.90882440198528,11.1330439475106,NA
2023,7,-1.33890099839377,1.03231602030681,-1.47782277067699,NA,-3.81143813896273,5.76199868778574,NA,-1.9259753898946,6.75983357019775,11.0496046370175,NA
2023,8,-0.84712613789069,1.45618520702633,-0.443755082434541,NA,-3.47359052119443,6.29000252830926,NA,-1.02407042067274,4.90568310285748,10.2501354231933,NA
2023,9,-0.681953047288482,1.95880652911254,-0.821425750293731,-2.21240656680793,-0.589641681003461,6.61644099490558,-1.10350559684288,-2.06993032316822,3.76370044669135,11.2356871948108,NA
2023,10,-0.426555463435448,2.160174854211,-0.125259537478101,NA,-3.23039308531775,6.78386017084154,NA,-0.570894173130612,2.23921497915291,12.8764744909136,NA
2023,11,-1.44493859660345,2.72274122388884,1.67353170534778,NA,-8.4473220568489,6.74270951548372,NA,0.549790739635851,0.25960740263272,13.0065183926307,NA
2023,12,-1.8741199325151,4.06971302690907,5.7774236046353,NA,-15.2560772233841,6.79007288681236,NA,-0.123533226583641,-1.98650227505397,3.03816284868455,NA
2023,13,-1.27044919163157,4.5261922470033,18.5099173461905,-3.25826694906249,-16.9993525290062,6.76841730544537,0,-0.0705154657572917,-4.28369494873699,-2.58620783807911,-0.3
2023,14,-0.442936380628136,5.43788979264211,23.7210880785638,NA,-13.5339464731281,6.6435268676865,NA,0.0793419965747056,-7.90388576615265,-2.91191142482644,NA
2023,15,0.544892616660887,6.23184507860516,30.9386401598773,NA,-7.55177338390122,6.3682178402328,NA,0.192026939161332,-10.3583347841559,-2.41373157824395,NA
2023,16,1.47463887883359,6.92929585998698,41.7191572025167,NA,-5.63902419845928,6.11610100902032,NA,-0.922110546680617,-11.9798575840273,-2.62229715401366,NA
2023,17,1.31514445103246,7.59825544178109,44.4462608061661,-1.66171985848261,-5.03033934659101,5.78806790406809,-0.875721325659109,0.989753820764573,-12.959984207071,-2.96530702477954,NA
2023,18,1.5408696572243,8.11719651062633,49.2691779224358,NA,-2.17329258316888,5.37222046708993,NA,2.10411829728357,-12.7856334850733,-3.22123935900597,NA
2023,19,2.04758150515058,7.44773159275891,58.5289177044121,NA,3.17466324356416,4.81813762608178,NA,2.45656954667013,-13.404660874631,-2.78088350024922,NA
2023,20,3.18179175056346,7.35360962336089,61.1078352416164,NA,6.176312814507,4.31788505236351,NA,3.8123297379042,-13.9296565171342,-2.97335097697842,NA
2023,21,3.39647837569066,8.48774710571766,64.0185473474763,NA,10.871442764491,3.8740457656296,NA,3.77735912140399,-14.668707847462,-2.49935921033359,NA
2023,22,3.23867069911864,8.96814580915461,64.5170030978096,-0.133645191960167,9.17409482129974,3.31662075357073,-0.539448374935512,5.17727474776337,-12.4204070930185,-4.39441235101528,NA
2023,23,2.56858750373096,9.51536352009179,63.5774434045573,NA,12.2937528919355,2.6441744296118,NA,5.11219438553085,-10.8729841992371,-8.05562232862492,NA
2023,24,2.94124807896404,9.35061273151164,64.2408813578652,NA,14.0647495171069,2.20380448231879,NA,5.81398123751966,-8.92494403041688,-8.0652911133162,NA
2023,25,3.28046564748874,8.76827687924978,62.6640456059031,NA,22.026560751757,1.70419659876607,NA,6.26542528470614,-6.3829593810093,-1.5026139743319,NA
2023,26,2.42422856415586,8.22106218294893,49.3262817908485,2.37112461032053,25.3627425439661,1.1847140451735,-0.370433156375266,5.01195066377421,-4.27672928445296,1.42250921890502,1.5
2023,27,1.09890640676756,7.55058296596811,42.8582655208454,NA,21.7988964036902,0.757919054577811,NA,5.78901236786733,0.456280436704588,1.69544286425074,NA
2023,28,0.523450746138218,6.58095209020376,32.8962331298742,NA,16.7598344259894,0.342026812422802,NA,4.63009155143754,2.33446678610502,-1.13474446450575,NA
2023,29,-0.141520188910205,5.72714125924123,17.6075357192263,NA,12.7572665834735,-0.18404128591926,NA,4.97483430334268,4.12917508703264,-2.17837355240931,NA
2023,30,-0.293251129152995,5.12870790792738,14.5387739060182,NA,12.9877146159329,-0.713056819718586,NA,2.93478563597744,5.52033225408603,-3.68232302614964,NA
2023,31,-0.318186536963704,4.14776507587667,8.82380899983721,-0.335683430355103,12.1843128214018,-1.16798628395821,0.202771275965161,1.22256430886765,6.66010050994791,-5.24918318705375,NA
2023,32,-0.85320463205693,4.01945730774998,4.48803955562788,NA,2.02447752939673,-1.61923446808777,NA,-0.42695811519016,8.17695542972777,-6.45263185026688,NA
2023,33,-1.14115902123614,3.26297497835394,5.08072178398961,NA,-0.0545367326895582,-2.05200630101009,NA,-2.02461763121365,9.25945977164199,-6.60395699815007,NA
2023,34,-0.99005585194784,1.43483237821456,1.69785994160335,NA,-6.82685114199206,-2.50010244002232,NA,-3.91262903223107,11.1374735487734,-7.47816660322505,NA
2023,35,-0.717140766256489,0.416968884271288,0.305755194423208,-0.267827411519945,-6.9127901224672,-2.77284951351041,0,-4.63762984908914,9.35361571684143,-7.90278136801362,NA
2023,36,-0.420020450527715,-0.480603618749832,-1.57765068273229,NA,-8.17638146002955,-2.87533703113542,NA,-6.35881046029469,9.36298684519694,-6.17587674974757,NA
2023,37,-0.33435399428543,-0.851230777937915,-9.40218849829701,NA,-7.2935437788008,-3.06920158541481,NA,-8.35822747712841,9.46781122087386,-7.2658962253681,NA
2023,38,-0.29374591495669,-1.01487287774987,-15.227837530107,NA,-11.1808473601531,-3.30885762505943,NA,-8.86866422621934,9.39032178349243,-11.9917783341804,NA
2023,39,0.314347761611338,-1.00835599685416,-19.0125766007673,-1.39583522507068,-11.586458705908,-3.49409221311034,0.16854883477824,-6.82960466649311,9.84684586692607,-12.9490526503948,0.2
2023,40,1.03074857209565,-1.04169675050172,-17.5855130522782,NA,-11.8863767085581,-3.76892248501676,NA,-10.1712677867155,7.82862408354636,-12.3900072760186,NA
2023,41,1.61795392123672,-1.00667883950476,-12.1079872550851,NA,-11.9924755971316,-4.03903597588473,NA,-8.94690773993159,7.85346761915037,-9.81056700642927,NA
2023,42,2.46558678654173,-1.22672237959356,-2.89991068014301,NA,-10.7016301312687,-4.13986166455811,NA,-8.7988413356125,7.38107369247654,-8.64404660571878,NA
2023,43,3.14005201527741,-1.37169837453823,3.79786969039394,NA,-11.8615832216198,-4.23884412157277,NA,-8.87797729271825,7.07193467327431,-6.92801247984918,NA
2023,44,2.92734119664637,-1.27499325977299,8.25210974993129,1.83246840071369,-12.0266175366326,-4.36184542110514,0.404313219235633,-6.0378903972924,5.27746044564017,-5.8413030101769,NA
2023,45,3.03238245534681,-1.23801931009994,7.43902872149078,NA,-6.90866937778612,-4.23070859823368,NA,-4.9751769157256,5.6671769641652,-4.53764288014197,NA
2023,46,2.80415829806626,-1.15169076883414,5.94937866799088,NA,-6.75416830111124,-4.13310547790533,NA,-3.37727943799704,5.97401949756095,-4.61068908498719,NA
2023,47,2.93810353313376,-0.928177129250555,7.0777052810081,NA,-1.3672547855772,-3.95960813819806,NA,-3.04445582777889,5.02596035870296,-3.62362163170186,NA
2023,48,3.349696910033,-0.831465200056311,6.71559711280505,1.76113540007721,3.82025535065014,-3.75673191328721,0.740993622870498,-2.30062363157689,4.92397711595036,-2.34859164843464,NA
2023,49,4.12722711522677,-1.07553952717418,6.98861372438337,NA,3.7151605906649,-3.66218384807677,NA,-0.891335136114113,3.91858193820008,-1.59270701817024,NA
2023,50,4.4760780146293,-1.11247252393897,11.8222571384284,NA,1.1978038220661,-3.46953639565215,NA,0.917502502596337,3.49981731344886,-0.266925993948195,NA
2023,51,4.25178394016151,-1.38817386769734,18.4053721099845,NA,1.4564096722537,-3.12030794056319,NA,0.156928483106503,2.86998717158768,2.62830663757896,NA
2023,52,4.01886428134289,-1.6946137482238,24.5768669997948,0.899556290857778,-0.892895003814639,-2.7819078653059,0.838509021581377,-0.655537644185069,2.05769142770263,1.45191042873376,-0.1
2024,1,5.08599501078377,-1.96264638675608,25.491508643725,NA,2.78929302253888,-2.29850071059271,NA,2.41750098231787,3.9701748501916,1.32811047126235,NA
2024,2,5.07864784775226,-2.3768719434697,20.9561367830967,NA,6.67065394410712,-1.70878770140805,NA,1.85936364690294,3.92564922790949,0.48276800887048,NA
2024,3,4.31350554167999,-2.7793985826379,13.1601021446964,NA,9.59687788636971,-1.30486897423142,NA,0.393475926664883,3.49623868922174,0.510824403652952,NA
2024,4,3.30893623108175,-3.24854157470867,2.78750877442238,NA,10.5361941235365,-0.806234485334916,NA,1.8474882559339,3.19285761372896,-0.0854966952646584,NA
2024,5,2.86266802649941,-3.20117222186804,2.53630937686195,-0.0990916678935914,11.545175989156,-0.212800915518904,1.2032230722821,-1.4967252744316,3.98102904748217,0.832829760557036,NA
2024,6,2.55925729177308,-3.62208260508973,5.65366756449503,NA,11.3633538516154,0.169055909074329,NA,-1.09191477626927,2.66006358975695,1.03096439511873,NA
2024,7,1.85081692172107,-3.31353137002227,8.42469232132022,NA,10.2141233108078,0.581036913962875,NA,-2.5653065078607,1.89654188353016,1.40817202446707,NA
2024,8,1.03798263478055,-2.5220124440221,10.3991483048864,NA,5.64131401148894,0.896020105122139,NA,-1.12435501658466,2.35406920031942,2.10154825333976,NA
2024,9,-0.471541886323307,-2.82098625555795,14.9386615122924,-0.164826145771731,-1.69913165056581,1.09929488049546,1.20081496283968,-1.35164002110362,2.77205476197293,3.05659648671469,NA
2024,10,-1.76869953069276,-2.51838069903901,15.5593755921986,NA,-4.54744046550591,1.39529374733752,NA,-1.16716657851677,3.08523711216416,1.84591144579574,NA
2024,11,-2.22029918784447,-2.17343564757197,13.497980560195,NA,-5.76413893801013,1.65193907729426,NA,-2.15837699884433,3.08291543880276,2.07826705511254,NA
2024,12,-1.69597291816197,-1.72585270712286,10.136889395834,NA,-4.62089901094335,1.71749359811319,NA,-0.318840820480119,2.4744232339424,3.01520115762263,NA
2024,13,-1.69391770699701,-1.29038463615665,6.97794247545856,1.21972832430618,-3.27299090406543,1.73833990759906,2.11508215094338,-1.96197164681841,2.41957403262583,5.11354468045996,1.4
2024,14,-3.75999583181137,-0.513243701642726,4.74057801138662,NA,-6.69113989824226,1.626120152209,NA,-2.37461973365583,-2.14223789063904,7.11214039310429,NA
2024,15,-4.8621355069016,1.0885033087314,6.40069990218244,NA,-10.5231215125057,1.48453991818169,NA,-3.39639182699576,-3.09960557678113,7.93839683792376,NA
2024,16,-4.88466706872197,2.92273289134118,8.97694194197064,NA,-14.5454561817528,1.39537836202783,NA,-0.655008901178264,-2.74570631742034,7.80541228294623,NA
2024,17,-3.86668354135884,4.59779508548387,11.3995725859129,NA,-12.9793673394106,1.2225774138778,NA,-1.72220826808845,-2.97680104418325,8.21759063416238,NA
2024,18,-3.62412181350405,5.55935901019925,6.74935719760705,1.86615335378491,-12.4914921845083,1.00898214728807,1.68015812024912,0.152437494445678,-2.7996701747285,7.67002318235746,NA
2024,19,-3.43381961251587,7.16774155098549,1.56844235960252,NA,-15.0721542872959,0.888120692049312,NA,-0.530858109182348,-2.25415980406572,6.9237296284889,NA
2024,20,-2.63142571169489,7.19893711956109,-4.08178060958378,NA,-10.666122162239,0.795795902664074,NA,-1.51504394315826,-1.92783870961135,8.01627812854401,NA
2024,21,-1.75534165791278,6.85141369041682,-10.5904530297186,NA,-7.21255820041964,0.786310912656383,NA,-1.78672779459758,-2.22643985253217,7.13165266493225,NA
2024,22,-0.241295898116893,8.00059441625503,-20.646758977253,3.1181480400038,-1.99982703245034,0.808896983646613,2.77931899726022,-2.01570923419598,-2.7596228639558,6.19352197663969,NA
2024,23,0.58717581737851,8.61610325866632,-21.8402662225295,NA,0.681403470212845,0.941690041731229,NA,-2.49538512831277,-0.155534939029226,7.8669526210005,NA
2024,24,0.707601212807676,8.57675489299952,-22.1626694540428,NA,5.23000195519513,1.11588910394141,NA,-0.226779405128185,0.280598281955946,7.37329254794184,NA
2024,25,0.107386653319151,8.55390177913998,-26.9130208906256,NA,6.2746613276369,1.3491712499448,NA,-2.03912376358354,2.03827007279291,5.90986206861493,NA
2024,26,0.4254440267303,8.78907118294373,-26.7454826570182,2.90624264112189,7.09461017773582,1.53981779944362,0.78176293910535,1.21116460874348,3.39473163298497,6.26535594569637,0.4
2024,27,1.54160640438252,8.34626916236635,-26.5389707803891,NA,8.51251770836568,1.79334768306971,NA,1.35502356926432,5.99788829965156,4.37208358153705,NA
2024,28,2.50921128967476,7.26316713203803,-28.3108374699523,NA,10.3551249463963,1.97129740945203,NA,3.27367769300485,6.03607385810076,5.86903263771717,NA
2024,29,2.57649975211639,6.10259970488844,-30.1564830591616,NA,13.5414791218177,2.28645284330167,NA,0.574657898190616,5.10318409050725,7.57707989484741,NA
2024,30,1.64321930808111,4.86439964785517,-30.3729900188216,NA,11.8290849176676,2.6245255361003,NA,0.231839315836696,4.90133504000942,9.6198408825951,NA
2024,31,2.41320739493748,3.28867210245383,-28.8196742592363,1.41709295716909,10.265138460092,2.8168274091794,1.58810662278673,1.44221117156545,3.11162419328369,12.0723356477432,NA
2024,32,2.90019711200444,1.28761142389487,-26.3640590829855,NA,14.8198966592966,2.7790521058593,NA,2.03717349313588,1.88944917589625,14.2041032735833,NA
2024,33,3.11823677710163,0.93222406995694,-23.5118618829829,NA,9.80809325854844,2.7136218958726,NA,4.91640634381352,0.987640036921265,14.3608684003051,NA
2024,34,2.90311211208837,0.727731663934638,-19.5256334041583,NA,7.71785151724596,2.72986708187924,NA,6.10611670330338,-0.0103521101788658,16.0455413246682,NA
2024,35,2.369272063361,-0.0274950178477555,-14.4846516214252,0,5.15517076908781,2.72745918217994,0.0322424636034993,5.75337224874192,-0.4801546969723,18.2004758891669,NA
2024,36,2.23593727787079,-1.03222664116872,-14.2858166597,NA,5.75577752570909,2.4812261387535,NA,7.13605130718699,-6.61105210587625,19.0141958936066,NA
2024,37,2.35125980078604,-1.60133060348704,-14.8758485940533,NA,3.21640314785858,2.15971062603349,NA,4.24039183941141,-8.71974333185843,20.5479813262528,NA
2024,38,2.36375801529816,-1.9025535457902,-11.6655149540349,NA,6.3773482181972,1.95859850794402,NA,5.99894055956768,-11.6869224094579,23.1927051716505,NA
2024,39,1.86234657205199,-3.06511826905161,-11.4633492012225,NA,3.73827109000981,1.95518974806379,NA,2.97887002812991,-15.4575419720088,23.5321184217018,1.1
2024,40,1.76017108099761,-3.19572264286803,-10.5287775459661,0.760942162539115,4.46912473283836,1.95908254819525,0.968686941822124,3.10797927598324,-17.0311547663922,23.1617291937367,NA
2024,41,1.14239478761911,-3.3018152780925,-8.32390641879084,NA,2.83403955755846,2.06396846678314,NA,2.67841898854447,-16.4288260238764,20.5702566152432,NA
2024,42,0.734074353622803,-3.59810589042994,-4.50358879849055,NA,2.78205882141803,2.13083245580913,NA,4.48374609345339,-15.8809407464302,18.4048100766889,NA
2024,43,0.782737349027896,-3.01818250444585,-2.3722408368762,NA,2.25459863118569,2.27602197003703,NA,6.46239432011623,-15.6038864308797,15.6549832612554,NA
2024,44,0.383652541684452,-2.57749252690699,-1.74531295175356,0.478546135772517,3.16018129619032,2.53816605266835,0.641027836091902,2.14846468177953,-15.7925514426197,13.7215025971769,NA
2024,45,0.0854410142485093,-2.04066883406896,-0.612627098373314,NA,0.906521259588625,3.07383440506644,NA,2.32958242655683,-14.8199974677628,11.6184546049427,NA
2024,46,0.12681398215344,-2.11843753365398,0.405472492084255,NA,2.20704609310188,3.51986856081492,NA,-0.327352641688458,-14.6789294572846,10.5844934332865,NA
2024,47,-0.0287153202534981,-2.47813759247307,0.282871974921557,NA,2.86848964767211,3.82424478023345,NA,-1.63516252451931,-14.20834283451,8.84494325424149,NA
2024,48,-0.308649605933242,-2.70388679333705,1.71921336120392,0.223606545812464,1.55646725725662,4.12847397281624,1.94738795691648,-1.18022863523176,-14.3016298960281,6.76031147560272,NA
2024,49,-0.494697924510543,-2.22494768492742,1.94068522650985,NA,-1.63938136224795,4.56804562919087,NA,-2.40110365745804,-12.0497334984857,4.20994169288588,NA
2024,50,-0.540616301352062,-2.09030818356786,3.43858375737044,NA,-0.681409822852031,5.03338970592689,NA,-0.711466838070105,-11.3070047490033,3.3011662907643,NA
2024,51,-0.532913263517954,-2.14925030339653,5.01417388773712,NA,-10.8010213027742,5.39783462776534,NA,-2.76298576660059,-10.2757872425651,1.93168431930783,NA
2024,52,0.00149251031894545,-1.20570930064486,6.43879134392187,NA,-7.34399587604093,5.58889789141507,NA,-1.76355293954786,-7.83961037869432,7.5269519613103,1.3
2025,1,-0.610193969669858,-1.13964114681069,5.82777958791233,-1.17554967720755,-11.0866970575981,5.7633685696537,2.9446484056488,-3.18622821343859,-6.61124101196642,8.42326032907519,NA
2025,2,-0.507810462040588,-1.18409503495117,4.78465828154107,NA,-10.6881512187448,5.89412269319026,NA,-3.16599004831875,-5.52852409308621,9.22382747689667,NA
2025,3,-0.340486016811076,-0.501492029974544,0.489719389303907,NA,-15.1993138744424,5.99937730386279,NA,-3.6378585148713,-5.09812978584069,10.3856740498367,NA
2025,4,-0.367794323313473,-1.04276416031148,-3.73320329310762,NA,-16.4430099203688,6.04082826875248,NA,-5.47140634518924,-5.3622062754335,11.7345581746099,NA
2025,5,-1.34324201795432,-0.28094053106653,-4.45831752164335,2.60734104143063,-17.5014032707403,6.08589731284445,1.49043507353173,-0.593848148053392,-3.38655337874308,11.541657229108,NA
2025,6,-2.23345221114158,0.476814046537209,-8.92107187906061,NA,-20.3091642089617,6.18171279876426,NA,-1.81929204391543,-4.46181612129339,12.4352332648489,NA
2025,7,-2.78862801964997,0.247932211768379,-13.7460478283833,NA,-17.386085022853,6.62311583839044,NA,-0.314485905064463,-4.81577332929948,13.584656595704,NA
2025,8,-3.1235376545166,0.671430289586999,-16.7217793522978,NA,-11.6201730346033,7.17322024564266,NA,0.0304474211018156,-5.39641932346176,13.2276127102101,NA
2025,9,-2.70422468790921,0.900126218921369,-19.9487568764825,4.09496187945654,-5.0738061115939,7.67686022223412,-0.443600220462436,-0.555875970399839,-5.24372022436472,15.9528560552454,NA
2025,10,-3.2730953216653,0.471120488220378,-21.0248174820929,NA,2.98682684405314,7.85306936838549,NA,-1.31365730232521,-5.06074585469234,17.6439457343857,NA
2025,11,-3.71978122957294,0.49474476431114,-23.4361223385961,NA,6.07943995513131,7.95226886296192,NA,-0.755641563715688,-5.5351900824902,17.0430665634071,NA
2025,12,-3.72907119922781,0.503943781154693,-28.9570112459061,NA,12.3835884500107,7.94931487756896,NA,0.906577764858188,-5.49583502972106,15.5884412434471,NA
2025,13,-4.40127851419361,0.314023117746155,-35.6313338409357,NA,11.7269761577514,8.08035279673989,NA,1.7577566172067,-7.25723513731034,2.71181849955234,0.3
2025,14,-4.40184222230706,0.346677043507397,-37.7891837149907,4.83487269034366,16.1155340410263,8.22424580234965,-2.71996527469672,3.48605405497887,-9.00929406759688,0.983437123376247,NA
2025,15,-3.85399275099861,1.20659563035624,-37.8103411295821,NA,16.4007495636992,8.0824549394196,NA,2.96301468935373,-12.8816371546577,0.25690841972365,NA
2025,16,-3.6054587239587,0.699152685215358,-41.6423300751341,NA,21.7549700126122,7.8478913419556,NA,1.77974395957769,-14.7497324892424,-1.47687534137125,NA
2025,17,-3.66183125972644,0.945729162226837,-43.343552292194,NA,24.1910931368063,7.57220469716439,NA,2.16856235999463,-14.4717899194167,-2.28499708179085,NA
2025,18,-2.48151841508076,0.350756583462128,-44.6110883811633,0.679854287297313,24.988490393338,7.33591283239511,-0.853490244983733,0.261289461111519,-15.1072213043926,-2.70839265346153,NA
2025,19,-1.140734237657,-0.12134106971197,-43.6088913426787,NA,27.6924281033643,7.01244109423048,NA,0.526366497240945,-14.3799248833525,-3.94778976251068,NA
2025,20,-1.1869416955358,1.07648675596571,-39.0810451998928,NA,22.5708854450997,6.34117217641217,NA,1.68267414218772,-13.3339679615735,-7.01471379594472,NA
2025,21,-0.812560882462082,1.66913661656576,-36.5489624892853,NA,11.8673572718812,5.53050973783291,NA,0.399064570592605,-11.9828483245399,-6.62959989804959,NA
2025,22,-1.23518840417643,2.14588863530469,-36.0426962697144,-0.984926398509834,1.59399859326283,4.86657638620172,0.91671259956368,1.90990999122987,-11.1342277511818,-13.2255740803357,NA
2025,23,-0.131454728382062,3.02842796027429,-37.4827292678145,NA,-10.1744741016562,4.68303554988676,NA,3.37656938271955,-8.86022838739682,-14.7505531381907,NA
2025,24,-0.0829246299808147,3.76350198671456,-34.6027621974666,NA,-19.3374247821756,4.51312314003856,NA,0.190027112860316,-7.03476197124595,-15.700041705,NA
2025,25,-0.107210494546673,4.33125531828852,-23.8908878622164,NA,-22.0549404290485,4.45346996932103,NA,1.31968046521536,-6.01666271816922,-15.172453495192,NA
2025,26,-0.297341844914725,4.49273733514063,-12.9319713027917,NA,-26.4413803903774,4.22766213553805,NA,-0.187991777698468,-4.19028530457573,-9.61787101832278,0.6
2025,27,0.228488129261461,4.37298541866105,-8.59280513728974,-2.15459242748609,-29.5374125548793,3.92225053201512,2.81352523786021,-1.40151712482562,-0.651756622967772,-7.62117723085796,NA
2025,28,-0.481581174099753,3.11424523021046,-6.89054543797852,NA,-28.147646474639,4.01821006260984,NA,-1.17217056893243,2.56413965857874,-8.16253846041416,NA
2025,29,-0.309862251245791,2.90299586937936,7.46253282160375,NA,-32.2288672774475,4.14069962558989,NA,-0.00631466210708081,4.85667431353047,-7.97755673665827,NA
2025,30,0.141237510655525,2.42309926274011,19.0702219567206,NA,-33.0349367559054,4.19271163069902,NA,0.982456750364996,4.70268825472766,-10.3991952111602,NA
2025,31,-0.233626636035147,2.30347580760726,24.9099720626274,-1.73971458246023,-33.4464996519794,4.12471905944022,2.81708769666962,0.633979831616579,4.30287414340606,-11.7878939060526,NA
2025,32,-1.66284603846492,2.48661022963169,29.0393161502292,NA,-32.7689676675471,3.87560252313657,NA,1.17964323067401,4.64227922754476,-12.5154446505631,NA
2025,33,-2.53312978120612,1.91927267086057,27.2749409455856,NA,-31.4626206959314,3.65168144240018,NA,-0.744779529656681,3.91075260044536,-11.6529507799337,NA
2025,34,-3.22666896348203,1.32426990132687,27.4729407647969,NA,-26.6115083403418,3.53575592263382,NA,0.274925874872258,3.13833917353356,-12.6311549780548,NA
2025,35,-3.2100361902884,1.03050834235805,31.0921149844385,-1.46442872554392,-21.2986296774661,3.38513135681547,3.09814122071136,-0.515551773740294,2.82319608663099,-10.9730488550012,NA
2025,36,-3.81394949967117,0.557092784198645,35.0290276957804,NA,-14.4770996722359,3.11180025069822,NA,-1.04471977478422,-1.44582113495538,-11.8569258081112,NA
2025,37,-3.41154669387039,0.16635886370025,35.7715815158898,NA,-8.77208135240871,2.92050358630064,NA,2.65370826878134,-3.35541193722218,-12.3939690459096,NA
2025,38,-3.13017691053997,-0.184443437478846,30.3869632362211,NA,-6.90974418720185,2.75105621320171,NA,0.738815352058075,-4.63835642485546,-14.0674357994554,NA
2025,39,-2.40725110438998,-0.0971149782054147,25.93535757264,NA,0.43651224189327,2.67514898324595,NA,2.75215948598223,-5.64687975781607,-14.6898227994817,-0.1
2025,40,-1.7487518614842,0.442016729587487,24.0215308650021,-1.41001866065372,3.16257970223499,2.64298779838304,2.43276046778143,3.29691192211983,-9.9597642708765,-17.7938212148268,NA
2025,41,-1.40918924576277,1.2703080423751,20.6844907481906,NA,3.49190774276182,2.56608168711353,NA,1.47182123617119,-12.027201632719,-17.1196997578442,NA
2025,42,-1.44483593418679,2.02597213700473,11.7750203131123,NA,5.46094440058949,2.54182732577383,NA,1.37017331244155,-14.2775412316061,-16.9463233771208,NA
2025,43,-1.32544219377583,2.53484918635935,4.35330692944603,NA,5.93336429183818,2.62428148067247,NA,-0.0427425922960191,-15.3734736978427,-14.6465598600532,NA
2025,44,-0.880187373383196,2.73649206882198,-0.643637354793505,-0.912960850882638,7.14527630547705,2.77219116658299,1.62256735899891,0.624892465781643,-16.5097981824926,-12.2910253637991,NA
2025,45,0.697289943789319,2.45336179854873,-1.47829390633709,NA,8.29888431481361,3.03279339608928,NA,0.29651133353299,-19.7096693802072,-11.6391518417321,NA
2025,46,2.89993653820226,2.30512332648897,-0.793831002403621,NA,13.433277544282,3.37174694518101,NA,0.293853264989028,-20.170549874302,-11.9506145859135,NA
2025,47,4.62712612464932,2.42964935310945,-0.243239024750117,NA,15.5348431567221,3.65076790600478,NA,1.18814736236422,-20.813655657009,-11.8588175309111,NA
2025,48,6.02888444220981,2.17815616003517,1.34415025081243,-0.787777825437608,17.3629847815459,3.88336108867576,0.274181436044447,-1.26721088498569,-21.8265738321398,-10.573139812711,NA
2025,49,6.55171591953125,2.12426654736889,2.74274588632691,NA,16.73330925769,4.07427588005587,NA,-2.23067938202794,-19.2545655718751,-9.92424940149401,NA
2025,50,6.36331388756047,2.15967239486227,0.5114604673814,NA,17.6922963145815,4.26207135037816,NA,-4.83431700487981,-19.2728136770385,-10.7021270674043,NA
2025,51,6.84508689073141,2.20083951385196,0.190673512163685,NA,19.962912873843,4.50732087271656,NA,-5.25024944231039,-19.2638816559896,-11.8370697096741,NA
2025,52,6.98750855956569,1.72600754915035,-2.37675725979217,NA,13.9493175556266,4.7701672343009,NA,-8.36911559731058,-19.0008306253842,-15.6405832467477,1.7
2026,1,6.6477850860005,1.03283514247596,-3.24412599576936,0.220646267610567,12.8328769047876,5.14834581970496,0.364409756436215,-8.59000127275015,-14.9946599442548,-16.0201777538698,NA
2026,2,8.27970275811923,0.787475195151405,1.47518017591668,NA,13.2117282759313,5.51572155411594,NA,-6.32390395254608,-12.6460607164579,-17.6226931177449,NA
2026,3,10.010680957873,0.609560894145165,6.42946995382462,NA,17.0320713610522,5.96507697634151,NA,-5.18325971276183,-12.6383413725869,-19.4513572924096,NA
2026,4,11.707889044295,0.71890863780825,9.9396207953883,NA,22.4221353574867,6.45752839750283,NA,-4.35199468380247,-12.4012113713665,-21.5590256783491,NA
2026,5,13.3359546798983,0.860507078761675,15.9714778563991,2.00382409157371,23.6132644599024,7.02531713357589,0.605511992353158,-5.56387322833844,-10.5146999379975,-25.3130816984916,NA
2026,6,14.47685531672,1.22750891188805,14.990382336414,NA,25.0705110356463,7.51735853699763,NA,-6.05849205406203,-6.75872649826606,-32.3129656987283,NA
2026,7,15.009721981707,1.78065949573702,15.997362608316,NA,24.0749346554305,7.92172154714467,NA,-5.44052746237888,-6.18159240281939,-38.9982923233866,NA
2026,8,15.3017273309824,1.76811015965342,16.7613601558002,NA,23.638240987207,8.37496600372421,NA,-7.43557132560388,-4.80432357461606,-46.08373494106,NA
2026,9,14.2668207990007,2.60597671597718,10.3076835698734,NA,22.4417307793573,8.7084857424375,NA,-3.73548998029857,-5.35167719117233,-55.0297916445894,NA
